id,pred
6585,0.6201969385147095
8239,0.6960816383361816
10317,0.8594032526016235
3711,1.1282877922058105
6521,0.6629729866981506
6949,1.164292812347412
2981,0.6984934210777283
6197,0.8300200700759888
7367,0.8194336891174316
3663,0.6328150629997253
7805,1.0973083972930908
8498,0.6545565128326416
14236,0.877615213394165
10817,0.6960816383361816
11304,0.9269056916236877
5565,0.8194336891174316
3685,0.696845531463623
7233,0.6545565128326416
12736,1.04726243019104
1185,0.8487126231193542
2428,0.8934161067008972
1776,0.9536586999893188
14627,0.8214786052703857
14780,1.0047061443328857
10236,0.8650269508361816
7181,1.029374599456787
1740,0.7913569211959839
4292,0.7978644371032715
6090,1.029374599456787
13500,0.7083874344825745
8642,0.8641863465309143
3329,0.8470640778541565
59,0.9392814040184021
8385,0.7966341972351074
7003,0.9719547033309937
5520,0.7247815132141113
5153,0.8728879690170288
12170,1.18827223777771
8563,0.7741814851760864
10685,0.981529712677002
7522,1.2790924310684204
12444,1.029374599456787
595,0.620147705078125
10162,1.0491946935653687
10478,0.6655449867248535
3503,1.0302937030792236
13883,1.0087913274765015
7235,1.1402802467346191
2173,0.5912829041481018
8999,0.7002224922180176
5466,1.0512096881866455
5274,0.9298161268234253
12980,0.7785533666610718
2119,1.005422830581665
10554,1.0187374353408813
883,0.8337522745132446
2451,0.8411636352539062
13550,1.0789766311645508
13080,0.9533911347389221
13578,0.7771597504615784
10033,0.6963521242141724
13234,1.0480237007141113
8858,0.9892795085906982
10885,1.1682238578796387
1585,0.7179318070411682
532,0.9331680536270142
12172,0.9964797496795654
13425,0.9811992049217224
9704,0.673926591873169
3406,0.7316024899482727
12610,0.7324649691581726
4721,0.8962886333465576
10156,1.0539300441741943
8474,0.8309124708175659
10165,0.6161990165710449
15079,0.820048451423645
12649,1.243720293045044
7935,0.8951784372329712
3115,0.8188260197639465
10232,1.0411312580108643
14182,0.8287110328674316
2348,0.8927755355834961
2506,0.6293366551399231
13219,0.833838164806366
5495,0.9949836730957031
9893,0.6463444232940674
12892,0.8711482882499695
9539,1.064833402633667
6191,1.064833402633667
14296,0.8290957808494568
15086,0.5690526366233826
1645,0.869288444519043
6683,0.5955077409744263
9065,1.3100168704986572
3547,0.578461229801178
6220,1.1929360628128052
11373,1.3027935028076172
1650,0.937153697013855
12879,0.9846793413162231
9663,0.9267009496688843
5637,0.9286079406738281
8138,0.672505259513855
752,1.2440693378448486
11603,1.079033613204956
3585,1.4564099311828613
12890,0.6568806171417236
8630,0.9847135543823242
7915,0.9811992049217224
2904,0.9067994952201843
817,0.7690749764442444
11801,0.9732277393341064
336,0.8687955141067505
11979,1.3835422992706299
3062,1.324610948562622
5824,0.9757159948348999
11746,0.6553781032562256
9064,0.7292880415916443
8142,1.0439378023147583
6679,1.1395066976547241
8655,1.010262370109558
6414,1.072356939315796
13066,0.8033509254455566
14578,1.029933214187622
14008,1.044719934463501
10649,1.1684527397155762
8717,1.7426003217697144
6111,1.4115862846374512
9735,0.7073731422424316
2476,0.8090729713439941
657,1.161034345626831
8827,1.1096655130386353
2319,0.6460815668106079
11785,1.3598296642303467
4641,1.1671404838562012
4322,0.7749999761581421
14462,0.7379708290100098
12737,0.9822387099266052
11654,0.8755625486373901
11649,1.0109540224075317
12096,0.8932161927223206
7389,0.8778204917907715
11703,1.556398630142212
8524,0.6275053024291992
9513,1.0476906299591064
5188,0.8536845445632935
14864,0.9179447889328003
104,0.9955092668533325
9629,0.6875556111335754
14767,0.9747582674026489
3146,0.9318364262580872
272,0.8479039669036865
6494,0.7249584794044495
12203,0.9233037233352661
8311,0.8832488656044006
14361,1.168975830078125
1183,0.8324035406112671
13798,0.8676645159721375
8838,0.8997242450714111
8779,1.0456804037094116
9855,0.8427090644836426
15043,0.6795620918273926
6012,0.9715288877487183
8520,1.1870524883270264
6759,0.8416606783866882
7007,0.6394933462142944
10572,0.7343962788581848
8510,1.2330913543701172
4384,0.9279587268829346
3248,0.9535128474235535
7237,0.7061582803726196
2277,0.9022647142410278
7892,0.9079694747924805
9954,0.8241159319877625
4600,1.028334379196167
3625,1.2980868816375732
10776,1.1119647026062012
5830,0.9282242655754089
1085,0.7912933230400085
11515,1.0208771228790283
12925,0.7716829180717468
9552,0.7646784782409668
9628,0.983251690864563
12402,0.779477596282959
12813,1.3173686265945435
5248,0.5830098390579224
12728,0.8916655778884888
8802,0.7649719715118408
14179,0.7916573286056519
11794,0.7896552681922913
13132,1.2304338216781616
4017,1.2194385528564453
8703,1.2049779891967773
7711,1.1415910720825195
9668,1.0813870429992676
10661,0.8242939114570618
6039,0.9384739995002747
649,1.0006271600723267
4963,1.0806878805160522
8821,1.1354362964630127
7676,1.1544089317321777
5605,0.8938387632369995
11288,0.8807593584060669
12620,1.109082579612732
6161,0.961609423160553
143,0.9826043844223022
4285,0.8544664978981018
209,1.0359174013137817
15058,0.9804965853691101
5685,0.7716829180717468
10211,1.1517016887664795
4998,1.1662894487380981
1241,0.8191262483596802
11418,1.2161461114883423
10728,0.989863932132721
13871,0.9804965853691101
8116,1.2151848077774048
10553,1.0806878805160522
1579,1.348847508430481
9679,0.9245584011077881
8955,1.0005772113800049
2880,0.7866209149360657
3120,0.9141405820846558
5784,1.34385085105896
14332,1.1912071704864502
13997,1.032067060470581
10185,0.9738848209381104
10240,0.996785044670105
6445,1.1122081279754639
9396,1.306730031967163
7999,0.9820230007171631
14246,1.0596928596496582
2936,1.002197027206421
7764,0.9895532131195068
988,0.8902684450149536
10981,0.8752326369285583
5291,1.0447235107421875
1238,0.9007878303527832
4554,1.329789161682129
5428,0.8912748098373413
4997,0.8677245378494263
1329,0.8255391120910645
8668,1.0264968872070312
6470,0.9430136680603027
4027,0.8059998750686646
12288,0.8269361257553101
763,1.028594970703125
1106,1.00924551486969
11396,0.6466097831726074
1001,0.8603438138961792
7144,1.1449980735778809
4364,1.2610838413238525
13759,1.0456804037094116
10659,0.9233711957931519
920,0.8879196643829346
9850,0.7894428968429565
72,1.1511460542678833
13013,0.9944900274276733
14044,1.0861756801605225
4567,0.9006847143173218
3097,1.2426460981369019
6986,0.7416707277297974
1539,0.7126383781433105
12370,0.7363344430923462
5749,1.412750482559204
715,1.2090271711349487
2045,0.8113104104995728
11535,0.8398463726043701
11156,0.8365658521652222
2855,0.816574215888977
11372,0.6837235689163208
9961,0.9703359007835388
2737,0.7557587027549744
1307,0.8155269622802734
7410,1.0169429779052734
14664,0.9282448291778564
5359,1.0217366218566895
13906,0.7716829180717468
740,0.8770836591720581
12092,0.6027349829673767
11497,1.1775444746017456
10398,1.2980868816375732
10359,0.908754825592041
8442,0.7349320650100708
1176,0.7912933230400085
13356,0.9181793928146362
7985,0.6466097831726074
3980,1.1797322034835815
1739,0.8719983100891113
1025,0.9161051511764526
7982,1.2249130010604858
5745,0.7430391311645508
3269,0.8554379343986511
5181,0.8912457227706909
3584,0.8804572820663452
10411,1.4423298835754395
1734,0.6455402374267578
8051,1.0948559045791626
11107,0.8838294744491577
12047,0.8817405104637146
11939,0.7934786081314087
9174,1.0778419971466064
709,0.9297654628753662
9420,1.0997774600982666
10865,1.1612032651901245
3286,0.6615146398544312
12069,1.1185810565948486
8421,1.195267677307129
13154,0.9678926467895508
5558,0.8710366487503052
15070,0.7128835320472717
9777,1.1729724407196045
7777,0.7279433608055115
3836,0.7229515314102173
4950,1.018142819404602
6394,0.76142418384552
12376,1.0886248350143433
8497,0.8602235317230225
10557,0.7571003437042236
2184,0.8595672845840454
749,0.7819948196411133
3030,0.8298889994621277
6825,0.8236688375473022
11702,1.211637258529663
2983,1.1950640678405762
2199,0.9251409769058228
1824,0.8591244220733643
4802,0.6937024593353271
8336,1.0014276504516602
1007,1.0130629539489746
10622,0.6580877304077148
1072,0.7279433608055115
4622,1.306028127670288
8079,0.7355464100837708
9826,1.323448896408081
1169,1.1029599905014038
5127,1.0704561471939087
2931,0.725277841091156
11932,1.0684599876403809
7981,1.1238195896148682
2246,1.1694672107696533
3813,0.8655165433883667
11919,1.0157510042190552
12527,0.6738682985305786
6331,1.0750219821929932
5811,0.8445804119110107
4509,1.0703706741333008
5969,0.8686699867248535
8014,0.7225372195243835
15067,0.8718771934509277
11590,0.9102872610092163
10015,0.738227128982544
11262,1.1081401109695435
11691,0.9420617818832397
2580,0.9370537996292114
9442,0.8072985410690308
4926,1.0117197036743164
7883,0.8081213235855103
11410,0.6717977523803711
3161,0.8086822032928467
14923,0.7587617635726929
8466,0.7224025130271912
7502,0.8855059146881104
1277,0.7951363325119019
13820,1.2003729343414307
11834,1.0415990352630615
2299,0.7342965602874756
13819,0.9085388779640198
6698,0.9571011066436768
12574,0.7355464100837708
5366,0.7646819353103638
2801,1.0187041759490967
12495,1.2589784860610962
13135,0.9551184177398682
982,0.9533461332321167
14585,0.8877085447311401
13334,1.109764575958252
6475,0.7445064783096313
13004,0.9677046537399292
3859,0.8156014680862427
11982,1.0037473440170288
2982,1.2304320335388184
11034,0.7917990684509277
5595,0.7295843362808228
414,1.1314488649368286
2437,1.214179277420044
3801,0.6816655993461609
13810,0.7983739376068115
5897,0.6870962381362915
9706,0.8547835350036621
14165,1.4913139343261719
2705,1.3022865056991577
5465,1.2115204334259033
10139,1.2507508993148804
9118,1.0169826745986938
13604,1.1221644878387451
6320,0.928622841835022
10406,1.1807503700256348
13548,0.7376779317855835
9304,0.763705849647522
418,1.085447072982788
14052,1.1440708637237549
5391,0.9504002332687378
9758,0.6658810377120972
12834,1.164243221282959
2256,0.9250293374061584
8464,0.9285951256752014
11378,0.8251701593399048
14636,0.6937024593353271
13167,1.309151530265808
633,0.8205187916755676
10701,0.9385824203491211
14352,0.8965975046157837
2927,1.0891616344451904
1753,0.7533864378929138
1122,0.8980526328086853
13197,0.7229804992675781
1264,0.7707861661911011
6588,1.0721992254257202
13600,0.8709573149681091
14579,1.1628352403640747
14401,1.0269250869750977
7690,0.7477713227272034
6572,1.0406155586242676
11100,1.055983543395996
4198,0.7466384172439575
217,0.7696942090988159
7124,0.66701740026474
3268,1.0920908451080322
6548,1.2090169191360474
1634,0.7495080232620239
12152,0.7847585082054138
13824,1.3030827045440674
5938,1.0457842350006104
2805,0.9090413451194763
12324,0.8980526328086853
5447,0.8629856705665588
13589,0.6580877304077148
1039,1.1682524681091309
1383,1.0514127016067505
5801,0.8172745704650879
352,1.2503726482391357
5358,1.1447691917419434
14446,0.962077260017395
9141,1.0192363262176514
13545,0.6736883521080017
3028,1.066117525100708
14141,0.6999444961547852
12787,0.7983739376068115
4832,0.7951363325119019
13455,0.874110221862793
2494,1.4200083017349243
14372,0.7319632768630981
241,1.6792203187942505
2222,1.2867034673690796
6991,1.0111255645751953
2326,0.7399794459342957
5631,1.0154820680618286
5808,1.4982389211654663
4252,0.8228934407234192
3684,1.045551061630249
3528,0.7476019859313965
10109,0.8522802591323853
8185,0.6698653101921082
7775,0.8547835350036621
6472,1.0761992931365967
10427,0.9523439407348633
9903,1.0827513933181763
14679,1.0473008155822754
13924,0.6739069223403931
1484,1.0729771852493286
2877,1.4102706909179688
7788,0.9384551048278809
10644,0.9151983261108398
5747,1.0704561471939087
13649,0.6664667129516602
6785,0.6958330273628235
8800,0.9533461332321167
5504,1.0779647827148438
13735,0.8507269620895386
14571,0.8317659497261047
2644,0.6727832555770874
9314,0.9674050807952881
10556,0.7457853555679321
7060,0.7960654497146606
4940,0.8633993864059448
5388,0.6764521598815918
2510,0.9713921546936035
2031,1.3621323108673096
13990,0.9570869207382202
2414,0.6927465200424194
13836,0.6631386280059814
12919,0.7821488380432129
10509,0.8029967546463013
1373,1.095150113105774
6133,0.6625775098800659
2906,0.8269088864326477
9164,1.4654977321624756
14186,0.9334912300109863
2024,1.0979790687561035
393,1.1159800291061401
5913,1.1865956783294678
5652,0.6841262578964233
12986,0.8492319583892822
6365,0.9745485782623291
14315,0.9674050807952881
7836,0.9193531274795532
11600,1.1010959148406982
13564,0.8082417845726013
8294,1.049222469329834
13525,0.6920938491821289
10166,1.136551022529602
13466,0.9818763732910156
5055,0.9928216934204102
3992,0.88401859998703
1156,0.9969326257705688
30,0.8182686567306519
1626,1.0193638801574707
2300,0.8047180771827698
11987,0.6998087167739868
7371,0.65350341796875
10966,1.0753815174102783
6143,1.3183950185775757
9588,1.342621922492981
11862,1.084190845489502
8282,0.8639817833900452
10415,1.146467924118042
10356,0.812414288520813
4560,0.7713200449943542
6277,0.9640767574310303
14931,0.90181565284729
3234,1.0891228914260864
5426,1.0258066654205322
2987,0.8858265280723572
10867,0.9820796251296997
8129,0.9713218212127686
11282,0.9563336372375488
6115,0.7378560304641724
4469,1.0987255573272705
2324,0.9255986213684082
10362,0.9379885196685791
5080,1.3571302890777588
4228,1.023056983947754
4938,0.7340375185012817
6499,0.7938650846481323
5841,1.2536084651947021
11088,0.9968739748001099
4261,1.386064052581787
9793,1.089296817779541
8620,1.0861387252807617
2567,0.8659818172454834
2405,0.9444926977157593
650,1.2557073831558228
14355,0.8436845541000366
3505,0.7968579530715942
12551,0.9263613224029541
5386,0.7503769993782043
822,1.2280131578445435
5000,0.90181565284729
7825,0.8926270008087158
10441,1.2462314367294312
13486,1.3243249654769897
8179,0.9146865606307983
6697,0.8504128456115723
4297,1.1346549987792969
9135,0.9339084625244141
7759,1.032336950302124
10337,1.0667388439178467
10349,1.0762629508972168
10286,1.0475070476531982
11391,0.6667781472206116
11231,1.0834014415740967
5756,0.9514906406402588
223,0.8338803052902222
10194,1.154242753982544
13311,1.2311211824417114
11307,1.160090684890747
12159,0.9813860058784485
8343,0.8436845541000366
14445,1.0172743797302246
6283,0.9071142077445984
7652,0.9731994867324829
12228,1.2940443754196167
2411,0.7830599546432495
3326,1.0502979755401611
14559,0.9954713582992554
12868,0.6238849759101868
4915,1.0241823196411133
5624,1.1196308135986328
4951,1.11244797706604
13531,1.0050828456878662
6121,1.0444250106811523
4589,1.0143218040466309
15094,0.8454227447509766
12877,1.0172743797302246
6216,1.096130609512329
3696,1.0433199405670166
13616,1.154928207397461
1337,0.9630438089370728
413,0.9469518065452576
12845,0.6031458377838135
12349,0.5912196636199951
3321,1.189754843711853
10329,0.9777156710624695
8010,0.9417600631713867
2878,0.706228494644165
1660,0.845996618270874
13304,0.8929920196533203
3342,1.1468119621276855
14272,0.704818069934845
146,0.7646820545196533
2809,1.224766731262207
13993,0.836218535900116
13176,0.9992366433143616
1570,0.9627047777175903
9421,0.7260767817497253
5402,0.9442929029464722
5868,0.8869558572769165
6555,1.1170108318328857
14264,0.9755914211273193
12254,1.1795244216918945
6916,0.9150091409683228
7496,0.967361330986023
11133,1.1018894910812378
12964,1.0795695781707764
7101,0.8867751359939575
10845,1.0760949850082397
12983,0.730750560760498
14131,0.9323309659957886
14109,1.071893334388733
8506,0.9655284881591797
3804,0.6362535357475281
13335,1.174954891204834
4958,1.096130609512329
979,0.8935912847518921
9153,0.96882164478302
12330,0.7874440550804138
7272,0.9323309659957886
9382,1.3321545124053955
1770,1.0991475582122803
7103,0.9984239935874939
10857,0.8602319955825806
8643,1.2945442199707031
3723,0.9807448387145996
1863,0.80171799659729
3567,0.8306798338890076
4923,0.7016687393188477
11279,1.3229386806488037
9051,1.0356193780899048
12058,1.0861387252807617
10785,1.2070057392120361
13006,0.947951078414917
10693,0.848619818687439
5905,1.129724383354187
4897,0.566298246383667
180,0.9734600186347961
13260,0.9335641264915466
6884,1.0066256523132324
2824,0.8902844190597534
5999,0.6658276319503784
9776,1.049985408782959
3587,1.061797022819519
1074,0.9048534631729126
15005,1.3575371503829956
11375,0.5868052840232849
14938,1.0469733476638794
7142,0.6239927411079407
3156,1.0225167274475098
11732,1.099482774734497
6313,1.1768293380737305
2404,0.9702551364898682
5803,0.859795868396759
10368,0.8850969076156616
8032,0.7946779727935791
15091,1.0753815174102783
10772,1.1056759357452393
3692,1.3251429796218872
7423,0.675665020942688
4661,0.9367305040359497
6837,0.9142037034034729
6987,0.7251362800598145
3848,0.7946779727935791
6772,1.2263250350952148
4713,1.0613224506378174
10757,0.7672948837280273
3708,1.1992878913879395
1790,0.8047180771827698
9187,1.0655337572097778
4242,1.129724383354187
11258,1.1749907732009888
13602,1.2841964960098267
14946,0.8963650465011597
2185,0.8399560451507568
7331,0.7935212850570679
9787,1.0323033332824707
5873,0.8210061192512512
4999,1.1173256635665894
12396,1.0716997385025024
838,1.1344581842422485
14738,1.0588971376419067
12213,0.8504128456115723
1923,0.8397930860519409
912,0.7770330905914307
437,0.7096290588378906
7329,1.015583872795105
5692,0.8751366138458252
374,0.836218535900116
3389,0.645443320274353
8043,0.7377280592918396
4047,0.7340375185012817
7427,0.7171915769577026
3125,0.8009535074234009
9132,0.6552729606628418
6068,1.1402463912963867
4707,1.0615582466125488
14314,0.9612264633178711
216,1.0444793701171875
5258,1.089296817779541
4460,0.8933448791503906
7683,0.9845767021179199
13290,0.893251895904541
13141,1.355770468711853
11439,1.170822024345398
1423,0.8538820743560791
3215,1.1724286079406738
12918,0.9426214694976807
3973,1.0502090454101562
14505,1.104111909866333
7968,0.9538196325302124
5307,1.3183950185775757
1149,0.8924524188041687
12614,1.076113224029541
10326,0.8353931903839111
8388,1.227060079574585
540,0.9811924695968628
10964,1.0022404193878174
9930,0.8345440626144409
5418,0.6705644130706787
10769,0.8279975652694702
14257,0.7154065370559692
8803,0.9695004820823669
1353,0.8549018502235413
10219,1.1383275985717773
8909,0.7568692564964294
4129,1.088921070098877
5461,0.642741322517395
12125,1.3199310302734375
2938,1.279853343963623
3518,0.9098684787750244
8806,0.9826746582984924
4588,0.8833125829696655
1342,0.8717610836029053
3349,0.7273287177085876
11970,1.1252508163452148
4810,0.7904888391494751
1864,0.9083238840103149
10160,1.325669527053833
4947,1.1440060138702393
11898,0.9789148569107056
5798,0.8998372554779053
4130,0.956180214881897
5733,0.8264381289482117
5851,0.8657634258270264
547,1.1303155422210693
12156,0.8374871015548706
14472,1.0514774322509766
8093,0.669304609298706
12003,1.3022589683532715
8300,1.0645205974578857
5651,1.0019266605377197
9781,0.9565332531929016
848,1.0878791809082031
3427,0.9135284423828125
14075,1.4658751487731934
14868,1.0299184322357178
6560,1.2135951519012451
9402,1.035682201385498
40,0.7788681387901306
3421,1.0187193155288696
4075,1.0425658226013184
11469,0.8299652338027954
4019,0.9675005078315735
67,0.8279340267181396
8775,1.2932912111282349
2498,1.3065404891967773
6736,0.9312480092048645
4286,1.0390434265136719
8854,0.9811226725578308
609,1.3295365571975708
9114,1.6205661296844482
4272,0.8473025560379028
1748,0.8669973611831665
7627,0.8742368221282959
659,0.8166005611419678
2056,1.1075271368026733
12540,0.6724720001220703
4368,0.578936755657196
8501,1.0772334337234497
13350,1.1680186986923218
3532,0.9860880374908447
61,1.2789928913116455
10828,1.1745638847351074
11532,0.7502673864364624
12897,1.1055443286895752
4894,1.240588903427124
3355,0.9999412894248962
11053,0.8299652338027954
3003,1.023546576499939
13045,1.110600471496582
14691,1.2978620529174805
8115,0.9076104164123535
2641,0.9720945358276367
2882,1.042445182800293
5603,1.4348758459091187
12659,0.9146497845649719
6437,0.9483896493911743
14567,0.9270915985107422
1678,0.9184911251068115
15,0.8727535605430603
10064,0.7221044898033142
354,0.7292470932006836
5689,1.107313871383667
14440,0.7905485033988953
942,1.165308952331543
11553,0.9135209918022156
13029,1.099297285079956
7049,0.941586971282959
11943,1.2103791236877441
14580,1.1151883602142334
6226,1.3776664733886719
6497,1.2581603527069092
6922,1.0658438205718994
4602,0.8918201923370361
12318,1.1028850078582764
6629,1.3936245441436768
11984,0.9474238157272339
4623,0.8596724271774292
2274,0.7591028213500977
3979,0.970117449760437
5715,0.8653362989425659
10370,1.0689125061035156
10751,1.0971570014953613
14822,1.0204745531082153
11206,0.8055670261383057
3806,1.3125011920928955
291,1.1068090200424194
12693,1.1312940120697021
898,1.2201030254364014
12027,0.9024695158004761
12360,0.7925671935081482
2314,0.6491878628730774
12034,1.083693504333496
1556,1.1034787893295288
13433,0.8323734402656555
9026,1.5472642183303833
4761,0.7715930938720703
9444,0.8126741051673889
12248,1.233438491821289
3367,0.8755674362182617
8628,1.1385056972503662
5233,0.7200401425361633
9214,1.0049800872802734
10791,0.8890787363052368
5825,1.1386723518371582
7104,0.7914727926254272
12345,0.8620960712432861
2364,1.1025630235671997
13413,0.8226373195648193
12734,0.9876911640167236
681,1.3824169635772705
3535,0.9423443078994751
3950,1.2955235242843628
13417,0.8868556022644043
6258,0.5507422089576721
8399,0.8323734402656555
5785,0.5873720049858093
3805,0.8742368221282959
2636,0.8055115342140198
5589,1.0396497249603271
10446,0.8582060933113098
1063,0.885141134262085
1574,1.2370097637176514
7645,0.6133104562759399
10645,1.1223264932632446
4606,0.8066045641899109
5638,1.0392986536026
12851,1.301185131072998
8888,1.151634693145752
4021,0.7474801540374756
10331,0.7225836515426636
4204,1.2168506383895874
2719,1.2168433666229248
5943,1.0008372068405151
311,1.0689902305603027
2231,0.6603583693504333
7136,1.095282793045044
4406,0.9231096506118774
5932,0.8791821002960205
7506,1.0022196769714355
7758,1.1674199104309082
11972,1.0886425971984863
3147,0.8002136945724487
11669,1.1238797903060913
3319,0.7086488008499146
11698,0.808505654335022
14503,0.977715790271759
7986,0.901826024055481
8556,1.144345998764038
3291,1.110339641571045
13329,0.954605758190155
8284,0.7166674137115479
1716,1.1140953302383423
2731,0.817888081073761
8183,1.2082440853118896
11003,1.052757978439331
4615,0.6463649868965149
394,0.7342141270637512
11404,0.861583948135376
8819,0.6037300825119019
5243,1.0211374759674072
4625,0.7905485033988953
10586,1.121068000793457
2894,0.720724880695343
13162,0.8066045641899109
2671,0.573657751083374
802,0.8336613178253174
2018,0.8405933976173401
4267,1.2691370248794556
12581,0.9624226093292236
240,0.7179175615310669
13038,1.0968599319458008
1720,0.7271230220794678
7436,1.1206095218658447
4091,1.167655110359192
1959,0.7012630701065063
938,0.9071406126022339
7038,0.9872641563415527
5067,1.2370316982269287
14968,0.8854047060012817
14300,0.9668811559677124
7241,1.0634444952011108
4000,0.9812356233596802
15012,0.8868556022644043
12771,0.8456352949142456
13956,0.880979061126709
11205,0.9515358209609985
6330,1.2595984935760498
2918,1.0966475009918213
11652,1.227724552154541
3333,0.8765081167221069
5612,0.769881010055542
9243,0.7903969287872314
4626,0.9573195576667786
967,0.8474186658859253
5907,1.0537915229797363
5576,1.1775331497192383
6708,0.8248841166496277
14051,0.8715798854827881
5330,1.0131573677062988
6274,1.095750331878662
11863,1.0242531299591064
11103,1.0891854763031006
14877,0.9107251167297363
606,0.9720945358276367
6965,0.681904137134552
13464,0.8652907609939575
10141,0.943548321723938
13677,1.0439667701721191
9408,0.8363367319107056
1733,0.8322898149490356
4178,0.788785457611084
11556,0.9414007663726807
3168,0.674343466758728
8839,0.9670993685722351
5381,0.5350906848907471
14855,1.001792073249817
14665,1.1750001907348633
10328,1.0567339658737183
1451,0.8751012086868286
10921,0.8865896463394165
2137,0.7019073963165283
10503,1.3333158493041992
13018,1.1278184652328491
14770,0.8938976526260376
7319,0.8596724271774292
1348,0.8122076392173767
1102,1.2630009651184082
514,0.8799307346343994
12478,0.7639082074165344
7897,1.0326013565063477
1540,1.0108778476715088
8994,0.8537236452102661
5240,1.0883257389068604
13250,0.9414007663726807
11727,1.1769704818725586
6926,0.9263808727264404
6322,1.1123664379119873
2066,1.1186647415161133
9230,0.861583948135376
7122,1.117771863937378
9904,1.1760382652282715
12536,0.7179139852523804
12077,1.038132667541504
2492,0.8273159265518188
5406,0.7214529514312744
8649,1.1701641082763672
8101,0.898420512676239
3548,0.9199368953704834
5671,1.0961456298828125
3197,1.0494009256362915
12162,0.9059121608734131
11908,0.8159935474395752
3009,0.9181102514266968
5094,1.2518583536148071
13690,1.0354713201522827
1145,0.913110613822937
14634,1.2132384777069092
4079,1.0066514015197754
7628,1.0111538171768188
7611,1.130141258239746
13454,1.084052324295044
9120,0.9987759590148926
3576,1.306503415107727
3223,0.8939163088798523
2890,0.9249372482299805
10213,0.801550567150116
3570,1.242287516593933
4369,0.8753043413162231
3982,0.9216263294219971
13,0.801794171333313
4165,0.6746945977210999
8886,1.1372184753417969
4566,1.1565533876419067
9652,0.9995068311691284
116,0.7652956247329712
14032,1.3543026447296143
1076,0.7532563209533691
13579,0.9381738901138306
6620,1.0481773614883423
12305,1.3270602226257324
1828,1.0717988014221191
1289,0.9081072211265564
10718,0.8497110605239868
407,1.12211012840271
8499,1.1522037982940674
300,0.9967360496520996
9686,1.0402299165725708
7703,0.9318843483924866
6049,1.2132153511047363
7549,1.1352413892745972
8328,1.0133693218231201
1202,0.7266322374343872
11799,1.1267673969268799
12497,0.9288405776023865
14311,1.0643351078033447
12698,0.971011221408844
1783,0.6729918122291565
10725,0.9917161464691162
1380,1.233270287513733
2722,1.085755705833435
14359,0.8565995097160339
1804,0.8332427740097046
13492,0.6528431177139282
8013,1.1627721786499023
11685,1.032639980316162
4150,0.7500210404396057
11065,1.1594221591949463
526,1.0272722244262695
10560,0.9919881224632263
7890,0.6661043167114258
9349,1.0127525329589844
13987,1.063751459121704
3901,0.8933111429214478
7477,0.8959375619888306
14594,0.9938212633132935
6280,0.8406124711036682
6590,1.2904115915298462
2653,1.3856947422027588
5441,0.7569746971130371
3111,1.2339513301849365
8990,0.9176392555236816
10298,0.6881968975067139
3855,0.700285017490387
9082,1.0337523221969604
4323,0.7299313545227051
10746,0.9336439967155457
2255,1.1582790613174438
12194,0.9568719267845154
12456,1.184047818183899
8736,0.8205951452255249
761,0.7211706042289734
5503,0.6729187965393066
13276,0.6122312545776367
8633,0.8801122307777405
2566,0.8146968483924866
12477,1.2236378192901611
475,1.3242385387420654
5184,0.9557119607925415
10480,1.0309398174285889
8247,0.7098076343536377
492,1.0453557968139648
3151,0.9179990291595459
2614,0.743931770324707
5074,1.4172356128692627
7852,0.9418348670005798
3098,1.0221070051193237
5892,0.8668690919876099
13651,0.884514331817627
7041,0.6710755825042725
3646,0.8620567321777344
1327,0.9288345575332642
3088,0.6642643213272095
7930,0.9763299822807312
2760,0.8017631769180298
3087,0.7961928844451904
12909,0.8095653653144836
1319,0.7648875117301941
13053,1.0892102718353271
3964,0.8982964754104614
10372,0.6569515466690063
10526,1.1228079795837402
7426,0.9363198280334473
114,0.7284716963768005
10619,1.089181661605835
12779,0.7441534996032715
9945,0.7545428276062012
6618,1.3396267890930176
6743,0.7582969069480896
8009,0.6466479301452637
5882,1.0314877033233643
9046,0.8369895219802856
10682,0.557016909122467
7327,0.7356729507446289
445,0.7516614198684692
3495,0.9712368249893188
12431,0.6842790842056274
9255,0.8443158864974976
11490,0.9389817118644714
14759,0.8777269124984741
11082,1.2305018901824951
14840,0.8099558353424072
7818,0.9128373265266418
196,1.0416988134384155
8004,1.0499458312988281
12885,1.0748329162597656
6250,1.4833226203918457
12843,1.242598056793213
11007,1.0606327056884766
10350,0.9327068328857422
5039,0.8762170076370239
1139,1.0963417291641235
1607,1.042269229888916
14196,0.8049371838569641
221,1.0892102718353271
1317,1.1789937019348145
11620,0.9292922019958496
3257,1.094011902809143
4577,0.7327083349227905
2804,1.3305822610855103
14384,0.9793499708175659
14485,0.9403083324432373
8515,1.0061874389648438
14230,0.6944424510002136
5122,1.0714302062988281
4838,0.7895930409431458
9060,1.1519389152526855
9528,0.9335644245147705
11491,1.025723934173584
11764,1.086404800415039
3741,0.8842902183532715
9415,1.1171875
6304,0.947409987449646
14641,1.248380184173584
7817,0.8602797985076904
1396,0.8499780893325806
3139,1.034196138381958
3042,1.0999034643173218
8741,0.9705432653427124
1989,0.9527192115783691
5455,0.9169608354568481
13779,0.7140769958496094
969,1.022927165031433
2168,1.0672852993011475
126,1.0448579788208008
11582,1.2502410411834717
10848,1.2427856922149658
8511,0.7915276885032654
2279,0.6200918555259705
11370,1.2749093770980835
1448,0.7345895171165466
10672,0.995607852935791
2592,1.088334321975708
11160,0.9373142719268799
4949,1.0337523221969604
7075,1.0616624355316162
9443,1.048495888710022
5757,1.265169620513916
9812,0.9204895496368408
3533,1.2977615594863892
7454,1.1200346946716309
13719,0.8046305775642395
3033,0.5524789094924927
12842,1.0265650749206543
2176,1.585634708404541
5831,0.9382318258285522
9682,1.06913423538208
8398,1.2721338272094727
7359,0.8501513004302979
11661,0.9496400952339172
9688,0.7941766381263733
350,1.0661118030548096
9312,1.1426119804382324
9846,0.734745442867279
11159,0.8617345094680786
10466,1.0148574113845825
6669,0.834075927734375
8862,0.9377459287643433
2565,0.57564777135849
11622,1.0044331550598145
4362,0.9565062522888184
10716,0.8320702314376831
387,0.8488473296165466
4785,1.0048346519470215
911,0.5659779906272888
8055,0.9872263669967651
14612,1.087214708328247
11998,1.3845330476760864
7123,1.1091265678405762
10784,1.1079535484313965
3729,1.1675128936767578
4317,1.0217690467834473
10010,0.6856787800788879
2154,0.9043930768966675
4092,0.9454740881919861
1661,0.8438013792037964
1199,0.9754387140274048
11493,1.0164802074432373
13769,0.970504879951477
11500,0.8125855326652527
13943,0.8186659216880798
2713,0.8434340953826904
8794,1.0591273307800293
901,0.9373142719268799
10080,1.36997652053833
946,0.8925875425338745
4109,1.090019702911377
425,0.6505733728408813
1486,1.010916829109192
12652,0.8937795162200928
9753,0.5973597168922424
6106,1.1893932819366455
5618,1.0748329162597656
13627,0.8303076028823853
4754,0.9702411890029907
4828,0.8813506364822388
1805,1.0807597637176514
13367,1.225109577178955
3510,0.6954403519630432
1314,0.8157049417495728
6261,0.8157727122306824
12825,1.1048529148101807
14897,0.9838830828666687
5526,0.5659779906272888
9956,1.439098596572876
4632,0.7717956900596619
7441,0.8528349995613098
1826,0.7140769958496094
8103,1.10469651222229
5070,0.9863936901092529
9018,1.4155887365341187
2859,1.108135461807251
11763,0.7243542671203613
14164,1.2387466430664062
7529,1.0267841815948486
3830,0.9188633561134338
6806,1.4679467678070068
7742,0.9326379299163818
11182,0.6669239401817322
1163,0.7768006920814514
1254,1.0717531442642212
9754,0.85440593957901
9670,0.646182656288147
4777,0.9400061368942261
3700,1.2514498233795166
662,1.027856707572937
11243,1.1888154745101929
368,1.1525828838348389
15017,1.0428204536437988
4686,0.8204132914543152
15075,1.173891305923462
11219,0.825499415397644
8054,0.9781813621520996
6290,0.7894411087036133
11875,0.8663647174835205
9009,1.1448285579681396
7151,1.1917351484298706
13638,1.4211373329162598
4016,0.9380144476890564
1813,0.9522967338562012
4937,0.7450432777404785
12303,0.8710214495658875
10973,0.8398804068565369
1477,0.9942235946655273
4170,0.6421385407447815
4086,0.7646688222885132
9995,1.1234939098358154
323,1.3048174381256104
9696,0.906231701374054
12274,0.8530786037445068
8823,1.0108864307403564
2674,0.9493687152862549
6814,0.9551655054092407
13715,0.8111987113952637
4072,0.788017749786377
305,1.0855803489685059
7732,1.1143018007278442
4741,0.884781002998352
5881,1.3928256034851074
12531,0.9499260187149048
5878,1.0484166145324707
7625,0.7472914457321167
4929,1.4044883251190186
473,1.0005648136138916
4422,1.1433584690093994
214,1.6129660606384277
6850,1.1629786491394043
9020,1.2104194164276123
556,1.259819746017456
13267,1.4151031970977783
1340,1.175271987915039
7932,0.6135140061378479
7143,0.8684025406837463
5703,1.2231848239898682
10322,1.188027024269104
713,1.3557591438293457
1747,0.7574723958969116
7265,0.8103954792022705
9880,0.9173750877380371
1207,1.1518340110778809
10058,0.8716015219688416
14020,0.9845763444900513
2077,1.042028784751892
10575,1.0746464729309082
13215,0.9555210471153259
4349,0.8873921632766724
3035,1.2919734716415405
3995,1.2979588508605957
10181,0.9551655054092407
2166,1.0531249046325684
1126,0.8484577536582947
3566,0.7518147230148315
8065,0.7574723958969116
1061,1.3330224752426147
1676,1.3074824810028076
5326,1.0304896831512451
9949,0.9544278979301453
7507,1.2252142429351807
14331,0.8320949673652649
9621,1.106995701789856
12906,0.8774895668029785
5145,0.934597909450531
7160,1.1330480575561523
10193,1.0369184017181396
913,1.2179656028747559
7947,0.9721312522888184
2602,1.0163730382919312
14778,0.904758870601654
10079,0.7159413695335388
14129,1.0618457794189453
13854,1.3928256034851074
7125,0.9657511115074158
167,1.0839385986328125
8799,0.8757996559143066
6131,1.487436294555664
15093,0.6073241829872131
6289,1.003784418106079
2698,0.8716015219688416
1543,1.0212223529815674
11840,0.7774924635887146
7163,0.7901229858398438
2027,1.1377062797546387
12326,1.0690629482269287
9661,1.0927108526229858
7586,0.9080002307891846
733,1.190391182899475
2823,1.1046922206878662
189,1.3422081470489502
12281,1.1031371355056763
10773,0.8955480456352234
4612,1.0494344234466553
10520,1.0622292757034302
11421,1.1270630359649658
14786,1.033026933670044
6373,1.043326735496521
2694,1.1066982746124268
6958,1.1027307510375977
7088,1.0857775211334229
7642,0.8743969202041626
1515,1.1621427536010742
12895,1.2087798118591309
7567,0.9484038352966309
505,0.7836867570877075
10220,1.4138716459274292
11401,0.8768261075019836
7782,0.7296560406684875
4575,0.8072788715362549
5623,1.510396957397461
7264,1.3741830587387085
1588,0.6210557818412781
13210,0.7034429311752319
12744,0.9828616380691528
5004,0.9756085872650146
8249,0.9180757999420166
5360,0.8316800594329834
8128,0.8255531191825867
2861,1.220587134361267
2726,0.85719895362854
12403,0.9158046245574951
11154,0.7909106016159058
13292,1.025007724761963
2834,1.14909029006958
1791,0.7480378746986389
12000,0.8994289636611938
7656,1.3630576133728027
4846,1.0306286811828613
9380,1.2976555824279785
11978,1.0507149696350098
3894,0.9439075589179993
5057,1.0329596996307373
5264,0.8987083435058594
6491,0.8386759757995605
3016,1.1942474842071533
8986,0.8998192548751831
9475,1.2106515169143677
12711,0.7946450114250183
6556,0.8732870817184448
7097,0.7814662456512451
3905,1.1727180480957031
14511,1.2427207231521606
1194,0.9859813451766968
2524,0.9441888332366943
13753,1.3039019107818604
6447,0.9134597778320312
12343,1.0373600721359253
7875,0.8886426687240601
8507,0.9907723665237427
6716,1.2746965885162354
14504,0.7839775085449219
7862,1.0502448081970215
5017,1.1300475597381592
4120,1.0453014373779297
12036,0.9538257122039795
14258,0.9682437181472778
10335,1.1707704067230225
2797,0.9556624889373779
13673,0.866929292678833
6984,1.012458324432373
6823,1.2903680801391602
5209,0.902367353439331
13886,0.8762003183364868
12915,1.0986045598983765
2381,0.9606573581695557
5721,0.8105566501617432
12553,0.9254046678543091
10353,0.7978533506393433
11522,1.0010874271392822
4381,1.0026891231536865
4793,1.4905105829238892
5987,0.8217648863792419
3412,0.9546610713005066
8202,0.859371542930603
12265,0.9498913288116455
3289,1.2810553312301636
8337,1.1733832359313965
2833,0.9685145616531372
1110,0.8716894388198853
1399,1.0820002555847168
4159,0.7057181596755981
7754,1.1713680028915405
5720,0.9293328523635864
5019,0.9132059812545776
5486,0.9985489845275879
9841,0.9386711120605469
7651,0.9973030686378479
7995,1.2812919616699219
10822,0.9077948331832886
10969,1.0217429399490356
2491,1.097717046737671
7220,1.1353329420089722
2526,1.009122371673584
6519,1.0474947690963745
11471,0.9537397027015686
15080,1.0856763124465942
2770,0.8699431419372559
5089,0.7814662456512451
13868,0.8374274373054504
5687,0.9283632040023804
14551,1.0961191654205322
1351,1.1487419605255127
14202,1.0096430778503418
3214,1.117930293083191
1402,0.9872888922691345
4098,1.6123219728469849
11261,0.8300046920776367
2956,0.8595563173294067
9723,0.6534719467163086
2002,1.244898796081543
14056,1.2008105516433716
7222,1.1214878559112549
4353,0.7537898421287537
95,1.059159278869629
11842,0.6677260994911194
523,1.0779876708984375
9972,1.1714701652526855
1555,1.3867392539978027
10050,1.437633991241455
2309,1.1893432140350342
2358,1.164509892463684
5105,1.0369184017181396
11447,1.0324597358703613
7843,0.6940094828605652
14675,0.8934497237205505
687,0.9157954454421997
12310,0.6950554251670837
4904,0.8976711630821228
1797,1.2938892841339111
12718,0.9913903474807739
504,0.9551655054092407
978,1.045189380645752
3851,0.873528003692627
10493,0.950358510017395
5844,0.8328195214271545
2191,0.9325698614120483
11163,0.9923896789550781
5443,1.1316348314285278
11574,0.793548583984375
1256,1.3139556646347046
2221,1.1776773929595947
4152,0.9358094930648804
1814,1.1228662729263306
12910,1.4067676067352295
11744,1.0597589015960693
7695,0.8272015452384949
11728,1.1344220638275146
6892,1.083638072013855
10971,1.03275465965271
11442,1.2995539903640747
5580,1.277742862701416
5705,0.91628098487854
6327,1.1621756553649902
2667,0.8109826445579529
1572,0.9986183643341064
12595,0.9144061803817749
1723,0.9658201932907104
4334,1.0851588249206543
11293,0.7105841040611267
4557,1.172137975692749
9971,1.0930202007293701
5338,1.134752869606018
9307,0.893466591835022
356,1.0623986721038818
1960,1.0563786029815674
7896,1.0303757190704346
2290,0.9000247716903687
10879,1.0659809112548828
6526,1.0753685235977173
13246,1.1060311794281006
1412,0.8502155542373657
1260,1.1923458576202393
3226,1.106296420097351
10397,0.8708782196044922
12725,1.192734718322754
10417,1.5449955463409424
12759,1.157867670059204
10547,1.356806755065918
11364,0.9485681056976318
14632,0.7599565982818604
1815,1.2343538999557495
3951,1.5632776021957397
6303,1.1656103134155273
4310,1.3408586978912354
2493,0.6502376198768616
12613,1.0200172662734985
1976,1.0086569786071777
12429,0.8107261061668396
6888,1.0704591274261475
2043,1.4910838603973389
8538,0.9450758695602417
1541,1.1483759880065918
1644,1.0133206844329834
3129,0.846672534942627
6223,0.6595010757446289
4579,0.9668734073638916
14913,0.6939030289649963
12333,0.8708561062812805
656,1.1527270078659058
1474,1.0401639938354492
5626,0.801010012626648
1390,0.9857767820358276
12086,1.122692584991455
4972,1.4980361461639404
12936,0.9506033658981323
4195,1.342180609703064
8623,1.052202820777893
1793,1.019246220588684
9086,1.07225501537323
147,0.9973112940788269
13509,0.862769365310669
527,1.014479398727417
7750,0.7494768500328064
6409,1.2609490156173706
8426,0.8386536836624146
5020,0.96796715259552
2286,1.124457597732544
4624,0.7556261420249939
14242,1.0676729679107666
13856,1.0723590850830078
11658,0.9460904598236084
3689,1.1969150304794312
9195,1.1169483661651611
12507,1.0211557149887085
702,0.9271771907806396
1116,1.2730839252471924
11612,0.9921505451202393
5806,1.0484576225280762
10840,0.9444243907928467
14473,0.864143431186676
9584,0.6968247890472412
4757,0.9316774606704712
2196,0.8812862634658813
7931,0.8552154302597046
11931,1.1230615377426147
124,0.684664249420166
10753,0.9437552094459534
7339,0.6692938208580017
14392,1.2636380195617676
11406,0.9265382289886475
5284,0.98032146692276
14979,0.845284104347229
10982,1.0384243726730347
4121,0.6550333499908447
6511,1.0676729679107666
401,0.9646533727645874
11031,1.0195341110229492
13852,0.7556261420249939
4959,0.9629467725753784
3746,0.9658201932907104
6091,0.8947500586509705
13104,1.142203450202942
9775,0.962944746017456
3271,1.188427209854126
14145,0.8857994079589844
9128,0.8329156041145325
8645,1.0553783178329468
14228,1.0779926776885986
11718,1.0158576965332031
10469,0.6156201958656311
8121,0.7604584097862244
12474,1.1020787954330444
14687,1.441637635231018
11246,1.1159162521362305
5345,1.0747432708740234
1799,0.9757510423660278
13221,1.0328693389892578
4670,0.8468924760818481
13774,1.1058101654052734
3926,1.1459472179412842
933,0.9035122394561768
14620,0.8291051387786865
9151,1.236587643623352
10039,1.1133108139038086
8243,0.9154609441757202
6022,1.3049747943878174
11474,0.6200838088989258
3304,1.0945378541946411
7314,1.000504970550537
11494,0.9763623476028442
2224,0.699359655380249
6419,1.2655441761016846
4358,0.98032146692276
8907,0.7872663736343384
12901,1.1400890350341797
8325,1.1895287036895752
12018,1.0484576225280762
4568,0.9192010760307312
8708,1.3589859008789062
7408,0.9212475419044495
11733,0.9496256709098816
5613,1.0259532928466797
10147,0.8937674760818481
5468,1.045959234237671
2209,1.177150011062622
7809,0.7669821977615356
875,1.1538865566253662
6575,0.9391665458679199
13240,0.9102616310119629
1322,1.0639147758483887
10305,0.8314485549926758
14437,0.8327751159667969
9039,0.7494768500328064
2948,0.8799847960472107
8820,0.9404705166816711
11021,0.96796715259552
6307,0.7961773872375488
13476,0.9945774674415588
14469,0.9148544073104858
14803,1.2621746063232422
3032,1.0779653787612915
4177,1.0803066492080688
9659,0.9766696691513062
3005,1.0149747133255005
14011,1.0468015670776367
1807,1.0254948139190674
539,0.8884103298187256
12409,0.8302844166755676
12578,0.8622465133666992
14646,0.9259347915649414
7462,0.9384570121765137
11528,1.064643383026123
2508,1.1129200458526611
1104,0.8886033296585083
12199,1.3288555145263672
14491,1.2033779621124268
2750,0.7992843389511108
13415,0.8969892263412476
797,0.9198920726776123
14284,1.1634477376937866
1583,1.2241160869598389
12623,0.6960843801498413
530,1.0057716369628906
12974,0.9439671635627747
12905,0.770088791847229
1171,0.9462034702301025
8217,1.3626912832260132
1236,0.939552903175354
11435,1.0765190124511719
870,1.283203125
2037,1.1076266765594482
13577,0.9105974435806274
11479,0.7983548045158386
6030,0.8778409957885742
4055,0.6466018557548523
10404,1.0772016048431396
5075,0.852429211139679
14017,0.8805646896362305
9498,0.8483120203018188
2489,0.9758017659187317
10684,0.8815033435821533
10374,0.7031852006912231
7438,0.8930314779281616
10621,1.423424482345581
6612,0.9463880062103271
14764,1.1188578605651855
4614,1.0096592903137207
9101,1.0480337142944336
3162,0.985266387462616
8589,1.0677437782287598
7942,0.8787990808486938
9644,0.7746222019195557
699,1.315251350402832
14111,1.0864267349243164
1920,0.8634490370750427
6780,1.0037758350372314
2448,1.2009246349334717
3263,0.8917368650436401
9368,0.6646044254302979
11701,0.823828399181366
4365,1.024266004562378
12418,1.0435259342193604
14894,1.0662124156951904
11020,1.071570634841919
7713,0.7031166553497314
5581,1.3520010709762573
2355,0.8702449202537537
9996,0.9397448301315308
9771,1.0845136642456055
9449,1.3522714376449585
11991,1.198898434638977
13927,0.956946611404419
3311,1.0197679996490479
6602,0.8988938927650452
9908,1.0353574752807617
11986,1.0164380073547363
9656,1.4409353733062744
735,1.080129623413086
2471,1.1011930704116821
3102,0.987828254699707
3643,1.1701403856277466
3891,1.0121488571166992
10485,0.9307736754417419
3721,1.100564956665039
7540,0.9647418260574341
4275,0.7830553650856018
9055,1.2248051166534424
7293,1.0987672805786133
14804,0.928165078163147
9844,1.2730271816253662
4416,0.9291722774505615
9149,0.8297702074050903
8855,1.0630823373794556
2354,0.910216212272644
8766,0.7998052835464478
9028,0.6747527718544006
10230,0.9539636373519897
11363,0.8865509033203125
11361,1.1355633735656738
3994,1.0432138442993164
639,0.8678996562957764
8278,1.3702294826507568
6336,0.81013023853302
4294,0.992334246635437
7912,1.144935131072998
6644,0.8662703037261963
7114,1.0544652938842773
7789,1.2787705659866333
13932,0.9891321659088135
15034,0.9811596870422363
1261,0.7672203779220581
9075,0.692209005355835
4245,1.090879201889038
13108,0.8702449202537537
12951,1.1518570184707642
13002,1.1144318580627441
1771,1.0599138736724854
14055,1.0408036708831787
2076,0.9103546142578125
7416,1.1270211935043335
14066,1.0037758350372314
10363,0.9470571875572205
1667,0.8040661811828613
7604,1.049789309501648
263,1.070070743560791
5219,1.0435259342193604
3602,0.7347274422645569
7596,0.8651142716407776
7340,0.8793269395828247
4176,1.2072229385375977
5869,0.911680281162262
14144,1.02418053150177
8561,1.0448580980300903
14795,0.8858593106269836
489,1.0313830375671387
2618,1.0419847965240479
10808,0.8846215009689331
10204,1.1192104816436768
10875,1.0356377363204956
5436,0.8702449202537537
11452,1.2330083847045898
12878,0.9966521263122559
9192,1.0617735385894775
11032,0.8925296068191528
909,0.813524603843689
1643,1.085323691368103
4235,0.8412771224975586
730,0.9032860994338989
1651,1.0738530158996582
4819,0.9322899580001831
4552,1.412314772605896
8641,1.1613435745239258
682,1.0519518852233887
3701,0.9567586183547974
5967,0.9686895608901978
1946,0.9199298620223999
12681,0.9953334331512451
6660,0.8829856514930725
13069,1.1253266334533691
14035,0.9384493827819824
14084,0.7857427597045898
14596,0.8846930265426636
14914,0.7534844279289246
13213,0.8393822312355042
12881,0.8213409185409546
9852,1.0047659873962402
14285,0.7097704410552979
7278,1.0512324571609497
12747,1.058570384979248
11506,1.0734732151031494
4234,0.7785898447036743
11381,0.7893368005752563
14555,1.419489860534668
8350,0.8262624144554138
13035,0.9807138442993164
10209,0.8297702074050903
572,0.9828199148178101
3402,0.8934285640716553
8037,0.8206329345703125
14848,1.0841978788375854
4930,0.8843450546264648
2052,0.7998052835464478
15047,1.1252150535583496
5001,0.7863469123840332
1954,0.9036056995391846
203,1.0320475101470947
12093,0.8006671667098999
7096,1.122398853302002
10238,1.0537068843841553
8450,0.8624871373176575
12726,1.1781717538833618
5343,0.8692933917045593
636,1.1652805805206299
4199,0.9459866285324097
6564,0.827153742313385
3064,1.3517534732818604
7573,1.2004599571228027
4057,1.2360115051269531
695,0.967790961265564
8313,1.2586549520492554
4478,0.946025013923645
3704,1.370211124420166
6449,1.1297544240951538
1620,1.1248445510864258
2783,1.0168952941894531
12883,0.86805659532547
4145,1.1425399780273438
1693,1.0501210689544678
13909,1.070796251296997
12769,1.2998466491699219
6075,0.7393516302108765
14654,1.327662467956543
4611,0.9222239851951599
3393,0.7779117822647095
8091,0.9474543333053589
4744,1.209352970123291
4879,1.1158019304275513
1457,0.950878918170929
12019,1.1251393556594849
4378,1.0207043886184692
4737,1.0976448059082031
4805,0.9700820446014404
9191,1.1375958919525146
8374,1.1213290691375732
149,1.4904873371124268
1914,1.3821935653686523
3615,1.3028757572174072
8676,1.0989797115325928
12308,1.0547559261322021
7326,1.2057783603668213
9506,1.158693790435791
14428,1.4293525218963623
7333,1.1507766246795654
1521,1.0241146087646484
9459,0.8847060799598694
2854,1.1125409603118896
2423,1.1615209579467773
14631,0.9800107479095459
13929,1.3039979934692383
4495,1.0719163417816162
2265,1.073494791984558
9249,1.1024826765060425
9358,0.950878918170929
9958,0.9480025768280029
15084,1.0575900077819824
5110,1.0440821647644043
11466,1.099513292312622
973,1.1528241634368896
10756,1.5327115058898926
10020,1.161446213722229
1919,0.9450538158416748
6490,1.2661267518997192
201,1.2003998756408691
6786,0.9213681221008301
8066,1.2920515537261963
4680,1.1322715282440186
1675,1.1506049633026123
4677,0.8930474519729614
5283,1.0038468837738037
6224,1.1668692827224731
4773,0.9893032312393188
3188,0.8775408267974854
13191,0.9967923164367676
8082,1.4123692512512207
8944,1.0238865613937378
2213,1.005616307258606
9967,0.9814808368682861
8527,0.9600063562393188
6117,0.8553423285484314
9283,1.1994218826293945
14765,1.182621955871582
10739,1.2393145561218262
2181,0.9699203968048096
7481,1.1584687232971191
14943,1.0007522106170654
10187,0.9132120609283447
7741,1.234245777130127
9448,0.9597189426422119
9079,0.9867696762084961
10378,1.2991055250167847
3754,1.2079126834869385
12575,0.8436449766159058
9843,0.7671617865562439
3377,1.081275463104248
2530,0.6289058327674866
13703,1.0829658508300781
7317,1.047282338142395
5155,1.1591694355010986
9646,1.1462507247924805
11927,0.7671617865562439
13229,0.9142295122146606
5130,0.7781673669815063
14204,1.1818575859069824
12048,0.8693335056304932
8695,0.9675196409225464
4658,1.2448580265045166
2827,1.0721607208251953
1172,1.3290576934814453
3093,0.95610111951828
7457,0.8797417879104614
3549,1.0787274837493896
5763,1.106738805770874
4108,1.174206256866455
9810,1.0491628646850586
994,1.1532161235809326
10549,1.1724839210510254
498,1.0256080627441406
10099,1.5543080568313599
10741,1.1387004852294922
6861,1.2557100057601929
14455,0.9434319138526917
6540,0.994947075843811
431,0.8331125974655151
10842,1.3374223709106445
13305,1.0038468837738037
11005,1.1368874311447144
14710,0.9311597347259521
4748,0.9058228135108948
6101,0.9891856908798218
2469,0.7188708782196045
4,1.1850876808166504
2165,0.7690747976303101
9331,1.0407196283340454
4069,1.0443751811981201
2907,1.0705058574676514
8905,1.2553858757019043
6576,1.3078861236572266
7342,1.0141547918319702
8978,1.1553839445114136
1184,0.9600063562393188
5234,1.2408063411712646
854,1.214071273803711
5357,1.0491628646850586
12407,1.0653293132781982
3888,0.8157352209091187
12289,0.9270056486129761
9586,1.5259101390838623
3565,0.9724570512771606
9350,1.3684427738189697
727,0.8787820935249329
12801,1.1846160888671875
9163,1.0690994262695312
10272,0.8549928665161133
8015,1.1181857585906982
10266,1.1926839351654053
936,1.5369503498077393
8910,0.9436880350112915
12924,0.8981363773345947
8537,0.6650537252426147
10093,1.1435694694519043
184,1.1462163925170898
10343,1.0384724140167236
13914,1.1058290004730225
70,0.9624064564704895
9095,0.7816015481948853
11650,0.9052397012710571
6835,1.0130667686462402
10742,1.0832176208496094
2662,1.0128443241119385
3411,1.105276346206665
6432,0.8422809839248657
858,0.8355273604393005
5268,0.9044594764709473
11530,0.9907516241073608
10632,1.1152918338775635
13513,0.7998132109642029
13903,0.8073381185531616
4743,0.7504738569259644
471,0.973127007484436
13954,0.9983441829681396
11257,0.9695820808410645
7559,1.2709801197052002
14741,1.0978102684020996
5783,1.1461806297302246
7512,0.9982614517211914
4395,1.0226185321807861
8756,1.0461828708648682
14022,0.9447749257087708
4302,1.2866545915603638
13557,1.2713909149169922
13168,0.9906025528907776
12557,1.193858027458191
9381,1.1161556243896484
12277,1.0616438388824463
9493,0.9406145215034485
7678,0.8597292900085449
12672,0.8810577988624573
2061,1.1075754165649414
6761,0.7482515573501587
13122,0.9113789796829224
10710,1.2946643829345703
8719,1.449777364730835
5853,0.9661624431610107
8500,1.1827597618103027
3357,0.9222296476364136
2846,1.135819435119629
7474,0.7804957628250122
11637,1.3085744380950928
15029,1.1592463254928589
11000,1.105276346206665
2467,1.010080099105835
1316,0.8958340883255005
7746,1.3700618743896484
14847,1.0128880739212036
14598,0.8942949175834656
5774,0.9547760486602783
11906,1.0872846841812134
12328,1.0473376512527466
5978,1.0004969835281372
6293,0.9396827220916748
7368,1.0292457342147827
13910,1.2814273834228516
1117,1.0257805585861206
220,1.0522549152374268
3558,1.405238151550293
5513,1.0426363945007324
13470,0.8336954116821289
32,1.1845818758010864
8627,0.8933148384094238
2098,0.9239804148674011
1598,0.905386745929718
11679,0.9830077290534973
11305,1.2709801197052002
5501,1.0184123516082764
5559,1.1621640920639038
12923,1.0080394744873047
7417,1.0574818849563599
14982,0.8610808849334717
4608,1.066094160079956
5370,1.1717535257339478
10197,1.010080099105835
8240,0.8860785961151123
13319,0.9771480560302734
9155,0.7993463277816772
1610,0.7804957628250122
11121,1.0372675657272339
5678,0.8363529443740845
1358,1.0013996362686157
10389,1.1669535636901855
4052,1.0298612117767334
13325,0.8904871940612793
7630,1.075230598449707
7543,0.7848643064498901
12865,1.1719532012939453
12300,1.318471908569336
362,1.1275780200958252
7078,0.7928022146224976
4558,1.12345290184021
6359,0.8724343180656433
10660,1.2851893901824951
14863,1.189111351966858
13298,1.2158108949661255
6032,0.8736010789871216
5645,1.0575077533721924
12701,1.330904483795166
6043,0.8016306161880493
10196,0.9253621101379395
3680,0.90892493724823
11539,0.9331420660018921
648,0.9294787049293518
5178,1.0313365459442139
12356,1.2498142719268799
13683,0.9799426794052124
14347,0.9873636960983276
4837,1.3161308765411377
2876,1.0627875328063965
7102,0.7007559537887573
7659,1.4411027431488037
9011,1.1082334518432617
12508,0.9985664486885071
10138,1.1839269399642944
12426,1.1011719703674316
9571,1.0790362358093262
5464,0.9043108224868774
3189,0.7591003775596619
8639,0.811342179775238
10847,1.463643193244934
6321,0.7887002229690552
1295,1.0062203407287598
11221,1.2422082424163818
5081,1.226719856262207
12888,1.0384458303451538
7153,1.1503076553344727
8046,1.125666856765747
1455,0.9584633708000183
5867,0.8191028237342834
2775,0.9234797954559326
7022,0.870432436466217
3538,0.7795650362968445
1957,1.3414745330810547
13399,1.2035831212997437
10625,1.1537261009216309
8340,1.3613872528076172
6438,0.946660041809082
5063,1.0384458303451538
10333,0.9962369799613953
1386,1.344283938407898
2054,0.9968402981758118
6435,1.0749021768569946
10816,0.663184642791748
379,1.1204628944396973
8795,1.1393022537231445
13386,1.0022608041763306
9613,1.0753583908081055
9728,1.3647942543029785
11550,1.2537014484405518
11731,1.371031403541565
11110,1.283202886581421
9407,1.2441654205322266
6662,1.2982327938079834
5993,0.8987633585929871
4396,1.3923040628433228
13307,1.3379855155944824
2271,1.2447853088378906
3614,1.121319055557251
4274,0.7399575114250183
5675,1.2881138324737549
5686,0.7519937753677368
12443,1.0747859477996826
8566,1.0870782136917114
3013,0.9497971534729004
12804,1.0405774116516113
13394,0.9920507669448853
13783,1.1827057600021362
963,1.1043994426727295
13178,1.0077831745147705
2321,0.9611161947250366
12994,1.0431221723556519
8383,0.900686502456665
7921,0.8702929019927979
4496,0.9711415767669678
13980,0.8741532564163208
7199,0.9593242406845093
5244,1.126711130142212
6774,1.3951401710510254
10983,1.0444645881652832
13770,0.952394425868988
14520,0.7828402519226074
2135,0.9515072703361511
12503,0.9229291677474976
12406,1.1412948369979858
11675,1.0940508842468262
7471,1.0622597932815552
3205,0.865344226360321
94,0.8927440643310547
3166,0.8930718898773193
1719,1.1923414468765259
9533,0.8785572648048401
10223,0.9192216396331787
3067,0.9191176295280457
13653,0.7654281854629517
4840,1.07562255859375
13802,0.9460362195968628
8149,1.242795705795288
12128,1.0996525287628174
5220,0.9343006610870361
5126,1.261296272277832
2889,0.8140231966972351
7035,0.8912667036056519
7786,1.0854785442352295
13720,0.8502930402755737
13615,0.7752039432525635
14152,1.0583851337432861
729,0.8446213006973267
1889,1.3951401710510254
5772,0.8795105814933777
1341,0.7438613772392273
449,0.8541132211685181
5318,0.8701046705245972
4501,0.9991425275802612
9197,0.8747001886367798
7864,1.2692713737487793
13985,1.5032322406768799
5408,0.9460362195968628
1755,1.127625584602356
11039,1.0130054950714111
12989,0.7784712314605713
6864,1.3599056005477905
8837,1.11087965965271
14619,1.1858651638031006
25,1.0903387069702148
6760,1.341205358505249
7882,1.0631682872772217
666,0.7804268598556519
14106,0.684729278087616
6036,1.0493098497390747
12232,0.9239774346351624
13922,1.0586721897125244
14772,0.9108923673629761
7238,1.1200001239776611
4181,0.7856876850128174
3108,1.1603081226348877
14557,0.9744988679885864
9685,0.8861991167068481
10486,0.9583741426467896
1326,1.046062707901001
6932,1.0563527345657349
10421,1.046062707901001
7524,0.9291735291481018
9105,1.0119470357894897
12279,1.12006676197052
2073,0.9111193418502808
4978,1.1288763284683228
3930,0.9857559204101562
3324,1.1215686798095703
13592,1.0481116771697998
10978,1.1527585983276367
13043,0.8564125299453735
1731,0.9590765237808228
5113,1.0197079181671143
9873,0.7623379230499268
4468,1.1338317394256592
11897,0.7801946401596069
6942,0.7162703275680542
984,1.0100685358047485
3733,1.0970345735549927
12132,1.0893754959106445
1975,1.0599439144134521
8985,1.0588932037353516
9598,1.313101053237915
7330,0.9968806505203247
5245,0.8336025476455688
4964,1.3475550413131714
2547,0.8336025476455688
13727,1.0119470357894897
9225,1.5385230779647827
9062,1.1861236095428467
8431,1.2242590188980103
1330,1.1253628730773926
1906,0.8504869341850281
9725,0.919202446937561
7463,1.095839023590088
1073,1.02913498878479
1584,0.9612551331520081
12511,1.013919472694397
8401,1.2512099742889404
1898,1.388322353363037
5446,0.9027337431907654
9235,1.2223129272460938
13115,1.051626443862915
5087,0.9654101729393005
4556,0.8993204832077026
6623,1.232913613319397
6088,0.8544070720672607
14362,1.0293540954589844
10437,0.926044762134552
8494,0.9069678783416748
10831,1.3025474548339844
555,1.023953914642334
14569,0.9590879678726196
12155,0.9590514898300171
13255,1.0119898319244385
3530,0.9718167781829834
2079,1.2501022815704346
10984,1.017259955406189
6616,0.8799707293510437
12932,1.3648109436035156
7566,1.0479271411895752
14758,0.9273189902305603
8664,0.9275157451629639
12485,1.0171773433685303
5530,1.1767842769622803
13858,1.0304774045944214
5594,0.8433437347412109
5807,1.1404510736465454
13787,1.030349850654602
9979,1.0902832746505737
11176,1.038841962814331
11294,0.897108793258667
14340,0.8433437347412109
983,0.9452626705169678
8976,1.1080942153930664
2966,1.0961612462997437
9689,1.3094089031219482
12311,1.1468228101730347
218,0.8184248805046082
7064,0.9041513204574585
12421,0.9216959476470947
3811,0.9156663417816162
1823,0.6923892498016357
11504,0.6681587100028992
4827,0.8613413572311401
10577,0.9605742692947388
10215,1.2582483291625977
12600,1.2599766254425049
3850,0.8126770257949829
3285,0.8149764537811279
6298,0.8501852750778198
9184,1.0359225273132324
3886,0.9224799871444702
3656,1.276571273803711
10290,0.9325441718101501
3605,0.6835882663726807
8193,1.0110763311386108
14722,1.1672518253326416
1772,1.1820814609527588
2613,1.5341105461120605
11911,1.284379005432129
377,1.0776493549346924
12933,1.119994878768921
1857,0.9215238690376282
10762,0.9676710367202759
1042,1.0629067420959473
13377,1.0696357488632202
583,1.1429786682128906
672,0.9568219184875488
10477,1.033510446548462
5933,0.9568219184875488
2928,1.033510446548462
14170,0.9681439399719238
705,1.0337316989898682
6402,1.110545039176941
670,1.0337316989898682
